CountryName,latitude,longitude,IncomeGroup,Year,alter_energy_use,fossil_fuel_use,renewable_energy_use,renewable_energy_output,gdp,CO2,area_forest,area_land,area_surface
Australia,-25.274398,133.775136,High income,1991,1.44,93.69,4.74,10.6,18860.58,16.19,1336753.9,7682300.0,7741220.0
Brazil,-14.235004,-51.92528,Upper middle income,1991,12.43,51.95,45.86,94.63,2234.36,1.5,5851170.6,8358140.0,8515770.0
Canada,56.130366,-106.346771,High income,1991,21.19,72.29,30.5,61.41,21768.34,16.07,3482258.34,8965590.0,9879750.0
Switzerland,46.818188,8.227512,High income,1991,34.44,58.67,28.26,57.16,39544.49,6.79,11577.68,39529.35,41290.7
China,35.86166,104.195397,Upper middle income,1991,0.99,74.83,4.42,18.47,333.14,2.23,1591265.86,9388250.0,9562950.0
Germany,51.165691,10.451526,High income,1991,11.61,87.1,1.27,3.17,23357.76,12.74,113054.0,349130.0,356970.0
France,46.227638,2.213749,High income,1991,38.19,57.94,6.27,13.22,21675.71,7.38,145212.0,547566.0,549086.0
United Kingdom,55.378051,-3.435973,High income,1991,8.87,90.2,0.61,1.66,19900.73,10.62,27956.0,241930.0,243610.0
India,20.593684,78.96288,Lower middle income,1991,1.91,55.06,9.03,22.81,303.85,0.69,643033.0,2973190.0,3287260.0
Italy,41.87194,12.56738,High income,1991,2.76,92.9,7.02,20.85,21956.53,7.72,76677.0,294110.0,301340.0
Japan,36.204824,138.252924,High income,1991,14.54,83.88,5.92,11.86,28915.01,9.42,249426.0,364600.0,377800.0
Netherlands,52.132633,5.291266,High income,1991,1.5,96.55,0.32,1.26,21732.23,11.37,3467.47,33760.0,41530.0
New Zealand,-40.900557,174.885971,High income,1991,15.62,67.05,40.46,77.19,12230.07,7.52,94200.87,263310.0,267710.0
Sweden,60.128161,18.643501,High income,1991,50.59,35.53,29.83,44.3,31822.8,6.72,280730.0,407339.7,447420.11
United States,37.09024,-95.712891,High income,1991,9.99,85.69,4.72,10.76,24342.26,20.13,3025586.0,9158960.0,9629090.0
Australia,-25.274398,133.775136,High income,1992,1.36,94.34,4.73,10.07,18624.56,16.29,1334685.8,7682300.0,7741220.0
Brazil,-14.235004,-51.92528,Upper middle income,1992,12.57,52.68,44.9,94.42,2105.11,1.5,5813361.2,8358140.0,8515770.0
Canada,56.130366,-106.346771,High income,1992,20.15,73.44,30.51,61.68,20879.85,16.37,3481787.38,8965590.0,9879750.0
Switzerland,46.818188,8.227512,High income,1992,34.83,58.76,28.39,56.91,40713.69,6.7,11620.36,39529.43,41290.7
China,35.86166,104.195397,Upper middle income,1992,1.01,75.43,4.41,17.58,366.46,2.31,1611125.82,9388250.0,9562950.0
Germany,51.165691,10.451526,High income,1992,12.76,85.95,1.52,3.7,26438.23,12.09,113108.0,349130.0,356970.0
France,46.227638,2.213749,High income,1992,39.98,56.16,7.4,15.45,23814.23,7.17,146064.0,547566.0,549086.0
United Kingdom,55.378051,-3.435973,High income,1992,9.71,89.21,0.74,2.01,20487.17,10.33,28132.0,241930.0,243610.0
India,20.593684,78.96288,Lower middle income,1992,1.9,56.07,8.14,20.75,317.56,0.72,646686.0,2973190.0,3287260.0
Italy,41.87194,12.56738,High income,1992,2.8,92.58,7.08,20.55,23243.47,7.72,77456.5,294110.0,301340.0
Japan,36.204824,138.252924,High income,1992,14.57,83.95,5.08,10.16,31414.98,9.47,249352.0,364600.0,377800.0
Netherlands,52.132633,5.291266,High income,1992,1.72,96.89,0.34,1.29,23904.04,11.28,3481.64,33760.0,41530.0
New Zealand,-40.900557,174.885971,High income,1992,14.25,69.03,37.51,72.59,11793.14,7.97,94679.04,263310.0,267710.0
Sweden,60.128161,18.643501,High income,1992,47.17,36.91,34.73,52.33,32800.98,6.66,280830.0,407339.7,447420.11
United States,37.09024,-95.712891,High income,1992,9.75,85.57,4.26,9.92,25418.99,20.28,3026672.0,9158960.0,9629090.0
Australia,-25.274398,133.775136,High income,1993,1.4,93.76,4.76,10.55,17700.12,16.38,1332617.7,7682300.0,7741220.0
Brazil,-14.235004,-51.92528,Upper middle income,1993,12.72,53.26,45.16,95.25,2324.5,1.54,5775551.8,8358140.0,8515770.0
Canada,56.130366,-106.346771,High income,1993,21.21,72.58,30.45,61.72,20121.16,16.2,3481316.42,8965590.0,9879750.0
Switzerland,46.818188,8.227512,High income,1993,35.97,57.54,31.08,59.57,39237.12,6.29,11663.04,39529.51,41290.7
China,35.86166,104.195397,Upper middle income,1993,1.14,76.47,4.76,18.13,377.39,2.44,1630985.78,9388250.0,9562950.0
Germany,51.165691,10.451526,High income,1993,12.49,86.01,1.58,3.93,25522.63,11.91,113162.0,349120.0,356990.0
France,46.227638,2.213749,High income,1993,42.47,54.19,6.97,14.24,22380.33,6.81,146916.0,547566.0,549086.0
United Kingdom,55.378051,-3.435973,High income,1993,11.1,87.79,0.67,1.78,18389.02,10.05,28308.0,241930.0,243610.0
India,20.593684,78.96288,Lower middle income,1993,1.77,56.96,8.04,19.56,301.5,0.73,650339.0,2973190.0,3287260.0
Italy,41.87194,12.56738,High income,1993,2.82,92.27,7.15,20.58,18738.76,7.58,78236.0,294110.0,301340.0
Japan,36.204824,138.252924,High income,1993,16.12,82.43,5.67,11.45,35681.96,9.39,249278.0,364600.0,377800.0
Netherlands,52.132633,5.291266,High income,1993,1.78,97.6,0.37,1.43,23122.41,11.2,3495.81,33760.0,41530.0
New Zealand,-40.900557,174.885971,High income,1993,14.79,68.31,40.29,77.02,13094.35,7.77,95157.21,263310.0,267710.0
Sweden,60.128161,18.643501,High income,1993,46.23,36.88,35.32,52.92,24425.28,6.63,280930.0,407339.7,447420.11
United States,37.09024,-95.712891,High income,1993,9.58,86.12,4.57,10.48,26387.29,20.38,3027758.0,9158960.0,9629090.0
Australia,-25.274398,133.775136,High income,1994,1.39,93.89,4.53,10.19,18129.79,16.49,1330549.6,7682300.0,7741220.0
Brazil,-14.235004,-51.92528,Upper middle income,1994,12.48,53.27,44.57,95.41,3263.56,1.58,5737742.4,8358140.0,8515770.0
Canada,56.130366,-106.346771,High income,1994,21.92,71.7,29.93,60.4,19935.38,16.53,3480845.46,8965590.0,9879750.0
Switzerland,46.818188,8.227512,High income,1994,36.84,57.53,32.32,60.57,43091.78,6.1,11705.72,39529.59,41290.7
China,35.86166,104.195397,Upper middle income,1994,1.64,77.05,4.95,18.09,473.49,2.57,1650845.74,9388250.0,9562950.0
Germany,51.165691,10.451526,High income,1994,12.41,86.02,1.74,4.46,27076.61,11.66,113216.0,349110.0,357000.0
France,46.227638,2.213749,High income,1994,43.59,53.31,8.56,17.06,23496.37,6.67,147768.0,547566.0,549086.0
United Kingdom,55.378051,-3.435973,High income,1994,10.93,87.79,0.83,2.14,19709.24,9.93,28484.0,241930.0,243610.0
India,20.593684,78.96288,Lower middle income,1994,1.96,58.01,8.67,21.22,346.23,0.76,653992.0,2973190.0,3287260.0
Italy,41.87194,12.56738,High income,1994,3.01,92.09,7.65,21.09,19337.63,7.48,79015.5,294110.0,301340.0
Japan,36.204824,138.252924,High income,1994,15.93,82.68,4.1,7.99,39933.52,9.8,249204.0,364600.0,377800.0
Netherlands,52.132633,5.291266,High income,1994,1.79,97.84,0.43,1.58,24646.31,11.18,3509.98,33760.0,41530.0
New Zealand,-40.900557,174.885971,High income,1994,15.57,68.45,41.25,82.05,15280.31,7.71,95635.38,263310.0,267710.0
Sweden,60.128161,18.643501,High income,1994,47.41,36.9,28.23,43.03,26083.61,6.88,281030.0,407339.7,447420.11
United States,37.09024,-95.712891,High income,1994,9.75,85.91,4.25,9.75,27694.85,20.45,3028844.0,9158960.0,9629090.0
Australia,-25.274398,133.775136,High income,1995,1.33,93.83,4.24,9.62,20446.72,16.94,1328481.5,7682300.0,7741220.0
Brazil,-14.235004,-51.92528,Upper middle income,1995,13.02,54.61,44.35,94.16,4704.96,1.64,5699933.0,8358140.0,8515770.0
Canada,56.130366,-106.346771,High income,1995,20.81,72.52,29.89,61.0,20613.79,16.79,3480374.5,8965590.0,9879750.0
Switzerland,46.818188,8.227512,High income,1995,37.67,55.9,30.77,57.43,50113.83,6.17,11748.4,39529.67,41290.7
China,35.86166,104.195397,Upper middle income,1995,1.7,78.43,5.55,19.21,609.66,2.76,1670705.7,9388240.0,9562940.0
Germany,51.165691,10.451526,High income,1995,12.52,85.81,1.89,4.87,31658.35,11.59,113270.0,349100.0,357020.0
France,46.227638,2.213749,High income,1995,43.61,53.57,7.82,15.36,26889.43,6.73,148620.0,547566.0,549086.0
United Kingdom,55.378051,-3.435973,High income,1995,11.0,87.71,0.79,2.07,23202.46,9.77,28660.0,241930.0,243610.0
India,20.593684,78.96288,Lower middle income,1995,1.83,59.99,7.69,17.26,373.63,0.79,657645.0,2973190.0,3287260.0
Italy,41.87194,12.56738,High income,1995,2.39,93.02,6.31,17.47,20664.55,7.9,79795.0,294110.0,301340.0
Japan,36.204824,138.252924,High income,1995,16.94,81.48,4.65,9.42,44197.62,9.88,249130.0,364600.0,377800.0
Netherlands,52.132633,5.291266,High income,1995,1.71,95.46,0.46,1.73,29258.13,11.21,3524.15,33760.0,41530.0
New Zealand,-40.900557,174.885971,High income,1995,15.95,67.89,42.1,83.85,17400.42,7.62,96113.55,263310.0,267710.0
Sweden,60.128161,18.643501,High income,1995,46.3,36.85,32.06,47.58,30282.96,6.79,281130.0,407339.7,447420.11
United States,37.09024,-95.712891,High income,1995,10.24,85.47,4.76,10.8,28690.88,20.42,3029930.0,9158960.0,9629090.0
Australia,-25.274398,133.775136,High income,1996,1.23,93.65,4.24,9.23,22020.09,17.13,1326413.4,7682300.0,7741220.0
Brazil,-14.235004,-51.92528,Upper middle income,1996,12.8,56.27,44.08,93.56,5121.91,1.74,5662123.6,8358140.0,8515770.0
Canada,56.130366,-106.346771,High income,1996,20.33,73.24,30.88,63.11,21227.35,17.17,3479903.54,8965590.0,9879750.0
Switzerland,46.818188,8.227512,High income,1996,36.51,56.15,26.18,52.21,48092.64,6.24,11791.08,39528.45,41290.7
China,35.86166,104.195397,Upper middle income,1996,1.72,78.99,5.14,17.55,709.41,2.86,1690565.66,9388230.0,9562930.0
Germany,51.165691,10.451526,High income,1996,12.64,85.91,1.68,4.82,30485.87,11.8,113324.0,349090.0,357030.0
France,46.227638,2.213749,High income,1996,43.21,53.85,6.88,13.45,26870.29,6.99,149472.0,547566.0,549086.0
United Kingdom,55.378051,-3.435973,High income,1996,11.16,87.57,0.64,1.63,24440.33,10.1,28836.0,241930.0,243610.0
India,20.593684,78.96288,Lower middle income,1996,1.76,60.83,6.79,15.77,399.58,0.84,661298.0,2973190.0,3287260.0
Italy,41.87194,12.56738,High income,1996,2.65,92.61,7.04,19.31,23081.6,7.8,80574.5,294110.0,301340.0
Japan,36.204824,138.252924,High income,1996,17.14,81.22,4.53,9.15,39150.04,9.95,249056.0,364500.0,377800.0
Netherlands,52.132633,5.291266,High income,1996,1.73,95.16,0.56,2.13,29006.81,11.73,3538.32,33760.0,41530.0
New Zealand,-40.900557,174.885971,High income,1996,15.01,69.81,39.54,79.06,18794.44,7.86,96591.72,263310.0,267710.0
Sweden,60.128161,18.643501,High income,1996,45.66,36.72,25.27,38.4,32998.97,7.21,281230.0,407339.7,447420.11
United States,37.09024,-95.712891,High income,1996,10.17,85.51,5.02,11.58,29967.71,20.87,3031016.0,9158960.0,9629090.0
Australia,-25.274398,133.775136,High income,1997,1.28,93.51,4.15,9.59,23645.09,17.4,1324345.3,7682300.0,7741220.0
Brazil,-14.235004,-51.92528,Upper middle income,1997,12.94,56.68,43.49,92.98,5240.13,1.82,5624314.2,8358140.0,8515770.0
Canada,56.130366,-106.346771,High income,1997,18.99,74.74,30.28,62.35,21901.56,17.49,3479432.58,8965590.0,9879750.0
Switzerland,46.818188,8.227512,High income,1997,36.76,57.21,28.93,56.02,41584.44,6.07,11833.76,39527.24,41290.7
China,35.86166,104.195397,Upper middle income,1997,1.77,78.94,5.36,17.51,781.74,2.84,1710425.62,9388230.0,9562930.0
Germany,51.165691,10.451526,High income,1997,13.46,84.63,1.8,4.21,26964.05,11.44,113378.0,349050.0,357030.0
France,46.227638,2.213749,High income,1997,44.34,52.9,6.8,13.26,24226.88,6.84,150324.0,547566.0,549086.0
United Kingdom,55.378051,-3.435973,High income,1997,11.94,86.72,0.83,1.99,26781.36,9.66,29012.0,241930.0,243610.0
India,20.593684,78.96288,Lower middle income,1997,1.85,61.77,6.57,16.02,414.9,0.86,664951.0,2973190.0,3287260.0
Italy,41.87194,12.56738,High income,1997,2.61,92.44,6.92,18.74,21829.35,7.9,81354.0,294110.0,301340.0
Japan,36.204824,138.252924,High income,1997,17.94,80.36,4.95,9.85,35638.23,9.87,248982.0,364500.0,377800.0
Netherlands,52.132633,5.291266,High income,1997,1.26,95.5,0.64,2.33,26700.54,11.21,3552.49,33760.0,41530.0
New Zealand,-40.900557,174.885971,High income,1997,13.19,72.05,35.61,70.09,17474.19,8.28,97069.89,263310.0,267710.0
Sweden,60.128161,18.643501,High income,1997,46.65,35.64,32.55,48.28,30312.49,6.63,281330.0,407339.7,447420.11
United States,37.09024,-95.712891,High income,1997,9.42,86.46,5.12,10.98,31459.14,20.88,3032102.0,9158960.0,9629090.0
Australia,-25.274398,133.775136,High income,1998,1.17,93.88,4.04,8.43,21478.39,17.96,1322277.2,7682300.0,7741220.0
Brazil,-14.235004,-51.92528,Upper middle income,1998,13.16,57.34,43.57,92.92,5049.77,1.86,5586504.8,8358140.0,8515770.0
Canada,56.130366,-106.346771,High income,1998,17.48,75.88,29.31,60.41,21024.59,17.59,3478961.62,8965590.0,9879750.0
Switzerland,46.818188,8.227512,High income,1998,36.82,56.89,28.33,54.86,42680.59,6.28,11876.44,39526.02,41290.7
China,35.86166,104.195397,Upper middle income,1998,1.86,78.99,5.43,18.06,828.58,2.7,1730285.58,9388230.0,9562930.0
Germany,51.165691,10.451526,High income,1998,12.93,84.92,1.97,4.51,27289.06,11.33,113432.0,349020.0,357030.0
France,46.227638,2.213749,High income,1998,42.3,54.79,6.47,12.77,24971.57,7.13,151176.0,547566.0,549086.0
United Kingdom,55.378051,-3.435973,High income,1998,12.03,86.77,0.99,2.4,28297.87,9.73,29188.0,241930.0,243610.0
India,20.593684,78.96288,Lower middle income,1998,2.03,62.02,7.38,16.7,412.51,0.86,668604.0,2973190.0,3287260.0
Italy,41.87194,12.56738,High income,1998,2.56,92.29,6.81,18.32,22318.14,8.11,82133.5,294110.0,301340.0
Japan,36.204824,138.252924,High income,1998,18.98,79.4,5.17,9.93,32423.76,9.54,248908.0,364500.0,377800.0
Netherlands,52.132633,5.291266,High income,1998,1.77,95.01,0.73,2.56,27885.81,11.21,3566.66,33760.0,41530.0
New Zealand,-40.900557,174.885971,High income,1998,14.45,69.6,38.76,75.65,14738.45,7.84,97548.06,263310.0,267710.0
Sweden,60.128161,18.643501,High income,1998,47.95,35.05,32.49,49.18,30596.53,6.66,281430.0,407339.7,447420.11
United States,37.09024,-95.712891,High income,1998,9.8,86.09,4.7,9.61,32853.68,20.79,3033188.0,9158960.0,9629090.0
Australia,-25.274398,133.775136,High income,1999,1.2,93.93,4.01,8.54,20698.71,18.29,1320209.1,7682300.0,7741220.0
Brazil,-14.235004,-51.92528,Upper middle income,1999,12.88,57.29,43.14,90.04,3456.42,1.89,5548695.4,8358140.0,8515770.0
Canada,56.130366,-106.346771,High income,1999,17.52,75.64,29.59,61.18,22315.25,17.91,3478490.66,8965590.0,9879750.0
Switzerland,46.818188,8.227512,High income,1999,38.03,55.81,32.33,59.38,41695.69,6.22,11919.12,39524.8,41290.7
China,35.86166,104.195397,Upper middle income,1999,1.87,79.4,5.19,16.68,873.29,2.83,1750145.54,9388230.0,9562930.0
Germany,51.165691,10.451526,High income,1999,13.99,83.93,2.23,5.2,26734.94,10.98,113486.0,348980.0,357030.0
France,46.227638,2.213749,High income,1999,43.28,54.02,7.39,14.47,24678.39,7.07,152028.0,547566.0,549086.0
United Kingdom,55.378051,-3.435973,High income,1999,11.52,87.24,1.11,2.63,28786.96,9.58,29364.0,241930.0,243610.0
India,20.593684,78.96288,Lower middle income,1999,1.92,63.46,7.12,15.26,440.96,0.91,672257.0,2973190.0,3287260.0
Italy,41.87194,12.56738,High income,1999,2.77,91.84,7.31,19.79,22005.05,8.19,82913.0,294110.0,301340.0
Japan,36.204824,138.252924,High income,1999,17.78,80.62,4.86,9.22,36610.17,9.81,248834.0,364500.0,377800.0
Netherlands,52.132633,5.291266,High income,1999,1.84,94.15,0.79,2.89,28272.64,10.81,3580.83,33760.0,41530.0
New Zealand,-40.900557,174.885971,High income,1999,13.13,70.82,35.64,69.52,15322.22,8.21,98026.23,263310.0,267710.0
Sweden,60.128161,18.643501,High income,1999,48.48,34.85,32.14,48.27,30941.08,6.33,281530.0,407339.7,447420.11
United States,37.09024,-95.712891,High income,1999,10.35,85.78,4.58,9.07,34515.39,20.79,3034274.0,9158960.0,9629090.0
Australia,-25.274398,133.775136,High income,2000,1.18,89.33,3.99,8.38,21853.78,18.4,1318141.0,7682300.0,7741220.0
Brazil,-14.235004,-51.92528,Upper middle income,2000,13.71,58.23,43.29,89.49,3726.81,1.93,5510886.0,8358140.0,8515770.0
Canada,56.130366,-106.346771,High income,2000,17.19,76.1,29.77,60.6,24271.0,18.48,3478019.7,8965590.0,9879750.0
Switzerland,46.818188,8.227512,High income,2000,39.02,54.36,30.64,57.0,38865.02,6.07,11961.8,39523.58,41290.7
China,35.86166,104.195397,Upper middle income,2000,2.0,79.84,5.66,16.64,959.37,2.89,1770005.5,9388220.0,9562920.0
Germany,51.165691,10.451526,High income,2000,14.02,83.62,2.89,6.2,23694.76,11.02,113540.0,348950.0,357030.0
France,46.227638,2.213749,High income,2000,44.91,52.81,6.74,12.97,22416.43,6.93,152880.0,547567.0,549087.0
United Kingdom,55.378051,-3.435973,High income,2000,10.3,88.41,1.13,2.66,28290.97,9.67,29540.0,241930.0,243610.0
India,20.593684,78.96288,Lower middle income,2000,1.99,63.73,6.38,13.59,442.03,0.92,675910.0,2973190.0,3287260.0
Italy,41.87194,12.56738,High income,2000,2.69,91.73,7.16,18.85,20137.59,8.26,83692.5,295718.0,302069.0
Japan,36.204824,138.252924,High income,2000,17.74,80.67,4.83,9.12,39169.36,9.97,248760.0,364500.0,377800.0
Netherlands,52.132633,5.291266,High income,2000,1.89,93.85,0.93,3.32,26214.5,10.82,3595.0,33760.0,41530.0
New Zealand,-40.900557,174.885971,High income,2000,13.27,69.46,36.37,71.5,13641.1,8.36,98504.4,263310.0,267710.0
Sweden,60.128161,18.643501,High income,2000,44.47,34.83,38.6,57.25,29624.91,6.19,281630.0,407339.7,447420.11
United States,37.09024,-95.712891,High income,2000,10.3,85.88,4.03,8.21,36329.96,21.28,3035360.0,9161920.0,9632030.0
Australia,-25.274398,133.775136,High income,2001,1.23,98.05,3.87,8.1,19681.66,18.59,1315873.0,7682300.0,7741220.0
Brazil,-14.235004,-51.92528,Upper middle income,2001,12.96,58.95,39.11,84.29,3142.28,1.94,5471378.1,8358140.0,8515770.0
Canada,56.130366,-106.346771,High income,2001,17.39,76.15,28.2,58.03,23822.06,18.04,3477539.94,8965590.0,9879750.0
Switzerland,46.818188,8.227512,High income,2001,37.76,56.02,31.93,59.4,39638.79,6.24,12000.34,39522.36,41290.7
China,35.86166,104.195397,Upper middle income,2001,2.3,80.2,6.62,18.96,1053.11,2.93,1793615.33,9388214.2,9562914.2
Germany,51.165691,10.451526,High income,2001,13.86,83.61,2.94,6.51,23628.33,11.23,113595.0,348900.0,357030.0
France,46.227638,2.213749,High income,2001,44.24,53.4,7.41,14.26,22449.34,6.96,154011.0,547567.0,549087.0
United Kingdom,55.378051,-3.435973,High income,2001,10.83,87.83,1.09,2.5,27886.8,9.78,29645.0,241930.0,243610.0
India,20.593684,78.96288,Lower middle income,2001,2.09,63.65,5.99,13.21,449.91,0.92,677815.0,2973190.0,3287260.0
Italy,41.87194,12.56738,High income,2001,2.88,91.4,7.61,19.99,20500.95,8.26,84351.29,295718.0,302069.0
Japan,36.204824,138.252924,High income,2001,17.86,80.6,4.72,8.97,34406.18,9.83,248850.0,364500.0,377880.0
Netherlands,52.132633,5.291266,High income,2001,1.84,94.2,0.99,3.53,26896.55,11.08,3608.98,33760.0,41530.0
New Zealand,-40.900557,174.885971,High income,2001,12.13,71.8,32.73,63.56,13882.86,8.84,98502.08,263310.0,267710.0
Sweden,60.128161,18.643501,High income,2001,48.66,33.99,35.83,51.56,27247.86,6.28,281540.0,407339.7,447420.11
United States,37.09024,-95.712891,High income,2001,10.21,86.35,3.42,6.78,37133.62,20.69,3040544.0,9161920.0,9632030.0
Australia,-25.274398,133.775136,High income,2002,1.21,95.89,3.93,7.86,20291.18,18.61,1313605.0,7682300.0,7741220.0
Brazil,-14.235004,-51.92528,Upper middle income,2002,13.25,57.15,40.76,85.74,2824.68,1.93,5431870.2,8358140.0,8515770.0
Canada,56.130366,-106.346771,High income,2002,17.69,75.16,28.55,59.89,24255.34,18.02,3477060.18,8965590.0,9879750.0
Switzerland,46.818188,8.227512,High income,2002,38.53,54.45,29.16,55.22,42458.74,5.97,12038.88,39521.14,41290.7
China,35.86166,104.195397,Upper middle income,2002,2.42,81.2,6.28,17.62,1148.51,3.2,1817225.16,9388213.2,9562913.2
Germany,51.165691,10.451526,High income,2002,13.89,83.28,3.54,7.64,25197.27,11.04,113650.0,348860.0,357040.0
France,46.227638,2.213749,High income,2002,45.37,52.81,6.18,11.6,24288.27,6.85,155142.0,547567.0,549087.0
United Kingdom,55.378051,-3.435973,High income,2002,10.85,88.53,1.29,2.89,30079.66,9.44,29750.0,241930.0,243610.0
India,20.593684,78.96288,Lower middle income,2002,1.99,64.33,5.73,12.06,468.84,0.93,679720.0,2973190.0,3287260.0
Italy,41.87194,12.56738,High income,2002,2.52,91.04,6.78,17.41,22376.3,8.37,85010.08,295718.0,302069.0
Japan,36.204824,138.252924,High income,2002,16.6,81.83,4.7,8.71,32820.79,10.05,248940.0,364500.0,377890.0
Netherlands,52.132633,5.291266,High income,2002,1.82,93.99,1.19,4.14,29343.24,10.99,3622.96,33760.0,41530.0
New Zealand,-40.900557,174.885971,High income,2002,13.62,69.77,35.13,69.48,16874.19,8.75,98499.76,263310.0,267710.0
Sweden,60.128161,18.643501,High income,2002,44.56,37.45,32.52,48.5,29899.2,6.35,281450.0,407339.7,447420.11
United States,37.09024,-95.712891,High income,2002,10.51,86.25,4.02,8.65,37997.76,20.62,3045728.0,9161920.0,9632030.0
Australia,-25.274398,133.775136,High income,2003,1.22,93.89,4.01,8.44,23705.91,18.75,1311337.0,7682300.0,7741220.0
Brazil,-14.235004,-51.92528,Upper middle income,2003,13.76,54.64,42.28,87.16,3056.62,1.89,5392362.3,8358140.0,8515770.0
Canada,56.130366,-106.346771,High income,2003,16.79,76.55,27.18,58.92,28300.46,18.39,3476580.42,8965590.0,9879750.0
Switzerland,46.818188,8.227512,High income,2003,38.79,53.78,28.98,54.72,49335.75,6.09,12077.42,39519.92,41290.7
China,35.86166,104.195397,Upper middle income,2003,2.52,83.23,5.3,15.04,1288.64,3.76,1840834.99,9388212.7,9562912.7
Germany,51.165691,10.451526,High income,2003,13.95,83.18,3.64,7.55,30310.36,11.06,113705.0,348810.0,357040.0
France,46.227638,2.213749,High income,2003,45.0,52.69,5.96,11.23,29627.92,6.91,156273.0,547867.0,549387.0
United Kingdom,55.378051,-3.435973,High income,2003,10.73,88.82,1.23,2.68,34479.39,9.58,29855.0,241930.0,243610.0
India,20.593684,78.96288,Lower middle income,2003,2.02,64.52,5.62,13.47,543.84,0.95,681625.0,2973190.0,3287260.0
Italy,41.87194,12.56738,High income,2003,2.32,90.22,6.34,16.37,27526.32,8.64,85668.87,295718.0,302069.0
Japan,36.204824,138.252924,High income,2003,14.06,84.31,5.33,10.02,35387.04,10.1,249030.0,364500.0,377900.0
Netherlands,52.132633,5.291266,High income,2003,1.83,94.33,1.16,4.09,35750.97,11.15,3636.94,33760.0,41530.0
New Zealand,-40.900557,174.885971,High income,2003,13.27,70.02,34.36,66.0,21913.71,9.02,98497.44,263310.0,267710.0
Sweden,60.128161,18.643501,High income,2003,43.97,36.52,27.9,43.38,37321.8,6.39,281360.0,407339.7,447420.11
United States,37.09024,-95.712891,High income,2003,10.34,86.28,4.18,8.89,39490.27,20.65,3050912.0,9161920.0,9632030.0
Australia,-25.274398,133.775136,High income,2004,1.18,94.07,4.04,8.19,30819.99,19.22,1309069.0,7682300.0,7741220.0
Brazil,-14.235004,-51.92528,Upper middle income,2004,13.24,54.7,42.29,86.03,3623.25,1.96,5352854.4,8358140.0,8515770.0
Canada,56.130366,-106.346771,High income,2004,17.95,75.2,26.83,58.45,32143.68,18.17,3476100.66,8965590.0,9879750.0
Switzerland,46.818188,8.227512,High income,2004,38.3,53.97,28.44,54.41,54659.46,6.13,12115.96,39518.69,41290.7
China,35.86166,104.195397,Upper middle income,2004,2.68,84.8,5.6,16.22,1508.67,4.02,1864444.82,9388212.5,9562912.5
Germany,51.165691,10.451526,High income,2004,14.23,82.57,4.52,9.27,34106.66,10.9,113760.0,348770.0,357050.0
France,46.227638,2.213749,High income,2004,45.08,52.42,5.97,11.24,33797.16,6.88,157404.0,547567.0,549087.0
United Kingdom,55.378051,-3.435973,High income,2004,9.87,88.62,1.61,3.61,40390.79,9.56,29960.0,241930.0,243610.0
India,20.593684,78.96288,Lower middle income,2004,2.02,65.58,7.46,14.48,624.11,0.99,683530.0,2973190.0,3287260.0
Italy,41.87194,12.56738,High income,2004,2.6,90.41,7.22,18.21,31317.2,8.67,86327.66,295718.0,302069.0
Japan,36.204824,138.252924,High income,2004,15.74,82.71,5.26,9.8,38298.98,10.05,249120.0,364500.0,377910.0
Netherlands,52.132633,5.291266,High income,2004,1.8,94.02,1.5,5.24,40436.62,11.22,3650.92,33760.0,41530.0
New Zealand,-40.900557,174.885971,High income,2004,14.6,68.26,37.79,72.06,25420.23,8.78,98495.12,263310.0,267710.0
Sweden,60.128161,18.643501,High income,2004,47.42,34.83,30.19,44.95,42821.67,6.28,281270.0,407339.7,447420.11
United States,37.09024,-95.712891,High income,2004,10.41,86.12,4.1,8.63,41724.63,20.8,3056096.0,9161920.0,9632030.0
Australia,-25.274398,133.775136,High income,2005,1.13,94.22,4.31,8.8,34461.71,19.15,1306801.0,7682300.0,7741220.0
Brazil,-14.235004,-51.92528,Upper middle income,2005,13.34,54.25,43.15,87.12,4773.25,1.95,5313346.5,8358140.0,8515770.0
Canada,56.130366,-106.346771,High income,2005,18.32,75.75,28.27,60.03,36382.51,17.84,3475620.9,8965590.0,9879750.0
Switzerland,46.818188,8.227512,High income,2005,35.46,55.46,27.38,55.86,56242.89,6.16,12154.5,39517.47,41290.7
China,35.86166,104.195397,Upper middle income,2005,2.73,85.87,5.55,16.18,1753.42,4.51,1888054.65,9388211.8,9562911.8
Germany,51.165691,10.451526,High income,2005,14.16,81.86,5.21,10.15,34520.24,10.66,113815.0,348760.0,357090.0
France,46.227638,2.213749,High income,2005,44.94,52.3,5.37,9.86,34768.18,6.88,158535.0,547557.0,549087.0
United Kingdom,55.378051,-3.435973,High income,2005,10.07,88.16,1.92,4.28,42131.7,9.45,30065.0,241930.0,243610.0
India,20.593684,78.96288,Lower middle income,2005,2.19,65.99,6.89,16.62,710.51,1.03,685435.0,2973190.0,3287260.0
Italy,41.87194,12.56738,High income,2005,2.33,89.8,6.43,16.32,32055.09,8.63,86986.45,295718.0,302069.0
Japan,36.204824,138.252924,High income,2005,16.68,81.61,4.79,8.41,37812.9,10.1,249210.0,364500.0,377910.0
Netherlands,52.132633,5.291266,High income,2005,1.93,93.06,2.08,7.45,41994.71,10.94,3664.9,33760.0,41540.0
New Zealand,-40.900557,174.885971,High income,2005,13.67,68.18,34.68,64.24,27751.07,9.06,98492.8,263310.0,267710.0
Sweden,60.128161,18.643501,High income,2005,47.24,33.81,34.73,51.29,43437.06,5.95,281180.0,407339.7,447420.11
United States,37.09024,-95.712891,High income,2005,10.35,86.02,4.22,8.58,44123.41,20.66,3061280.0,9161920.0,9632030.0
Australia,-25.274398,133.775136,High income,2006,1.17,94.28,4.23,9.3,36570.72,19.17,1304533.0,7682300.0,7741220.0
Brazil,-14.235004,-51.92528,Upper middle income,2006,13.72,53.42,43.05,86.75,5866.1,1.95,5273838.6,8358140.0,8515770.0
Canada,56.130366,-106.346771,High income,2006,18.81,74.56,27.62,59.54,40504.06,17.48,3475141.14,8965590.0,9879750.0
Switzerland,46.818188,8.227512,High income,2006,37.66,53.84,26.05,51.73,59011.03,6.07,12193.04,39516.25,41290.7
China,35.86166,104.195397,Upper middle income,2006,2.74,86.83,5.58,15.59,2099.23,4.95,1911664.48,9388211.4,9562911.4
Germany,51.165691,10.451526,High income,2006,14.28,81.27,6.03,11.32,36353.88,10.81,113870.0,348720.0,357100.0
France,46.227638,2.213749,High income,2006,45.69,51.89,5.97,10.95,36470.21,6.67,159666.0,547557.0,549087.0
United Kingdom,55.378051,-3.435973,High income,2006,9.54,88.61,2.12,4.6,44536.62,9.34,30170.0,241930.0,243610.0
India,20.593684,78.96288,Lower middle income,2006,2.37,66.81,7.71,17.54,802.01,1.1,687340.0,2973190.0,3287260.0
Italy,41.87194,12.56738,High income,2006,2.44,89.19,6.73,16.46,33529.73,8.5,87645.24,295718.0,302069.0
Japan,36.204824,138.252924,High income,2006,16.84,81.45,5.31,9.45,35991.55,9.91,249300.0,364500.0,377920.0
Netherlands,52.132633,5.291266,High income,2006,1.9,92.75,2.32,8.15,44900.94,10.6,3678.88,33760.0,41540.0
New Zealand,-40.900557,174.885971,High income,2006,13.94,67.63,34.81,64.48,26654.59,8.93,98490.48,263310.0,267710.0
Sweden,60.128161,18.643501,High income,2006,45.12,33.41,32.33,49.6,46593.6,5.9,281090.0,407339.7,447420.11
United States,37.09024,-95.712891,High income,2006,10.63,85.63,4.68,9.24,46302.0,20.19,3066464.0,9161920.0,9632030.0
Australia,-25.274398,133.775136,High income,2007,1.17,94.29,3.98,8.65,41023.75,19.19,1302265.0,7682300.0,7741220.0
Brazil,-14.235004,-51.92528,Upper middle income,2007,13.56,52.66,44.38,88.21,7323.03,2.05,5234330.7,8358140.0,8515770.0
Canada,56.130366,-106.346771,High income,2007,18.73,74.74,27.69,60.3,44659.9,18.07,3474661.38,8965590.0,9879750.0
Switzerland,46.818188,8.227512,High income,2007,40.33,51.49,29.71,54.91,64989.16,5.75,12231.58,39515.02,41290.7
China,35.86166,104.195397,Upper middle income,2007,2.92,87.41,5.72,15.26,2693.97,5.28,1935274.31,9388210.8,9562910.8
Germany,51.165691,10.451526,High income,2007,13.46,81.27,7.65,13.94,41640.08,10.47,113925.0,348670.0,357100.0
France,46.227638,2.213749,High income,2007,45.28,51.69,6.64,11.69,41557.62,6.46,160797.0,547557.0,549087.0
United Kingdom,55.378051,-3.435973,High income,2007,8.44,89.62,2.42,5.01,50435.37,9.13,30275.0,241930.0,243610.0
India,20.593684,78.96288,Lower middle income,2007,2.3,67.88,7.86,17.86,1022.73,1.17,689245.0,2973190.0,3287260.0
Italy,41.87194,12.56738,High income,2007,2.3,88.18,6.43,15.48,37870.75,8.35,88304.03,295718.0,302069.0
Japan,36.204824,138.252924,High income,2007,14.77,83.48,4.76,8.2,35779.02,10.18,249390.0,364500.0,377930.0
Netherlands,52.132633,5.291266,High income,2007,2.23,92.73,2.42,7.21,51799.21,10.54,3692.86,33760.0,41540.0
New Zealand,-40.900557,174.885971,High income,2007,14.06,67.58,35.41,65.57,32479.98,8.62,98488.16,263310.0,267710.0
Sweden,60.128161,18.643501,High income,2007,46.07,32.45,34.6,52.03,53700.01,5.78,281000.0,407339.7,447420.11
United States,37.09024,-95.712891,High income,2007,10.6,85.61,4.37,8.37,48050.22,20.25,3071648.0,9161920.0,9632030.0
Australia,-25.274398,133.775136,High income,2008,1.05,94.35,3.68,8.12,49679.18,19.03,1299997.0,7682300.0,7741220.0
Brazil,-14.235004,-51.92528,Upper middle income,2008,12.91,52.57,43.37,84.27,8801.6,2.14,5194822.8,8358140.0,8515770.0
Canada,56.130366,-106.346771,High income,2008,19.19,75.08,28.59,61.47,46710.51,17.36,3474181.62,8965590.0,9879750.0
Switzerland,46.818188,8.227512,High income,2008,39.07,52.51,29.25,55.68,74175.19,5.85,12270.12,39514.42,41290.7
China,35.86166,104.195397,Upper middle income,2008,3.38,87.22,7.27,17.74,3468.3,5.64,1958884.14,9388210.8,9562910.8
Germany,51.165691,10.451526,High income,2008,13.92,80.8,7.82,14.7,45612.71,10.5,113980.0,348630.0,357110.0
France,46.227638,2.213749,High income,2008,45.29,50.84,7.63,12.98,45515.96,6.31,161928.0,547557.0,549087.0
United Kingdom,55.378051,-3.435973,High income,2008,7.33,90.18,2.91,5.68,47429.94,8.83,30380.0,241930.0,243610.0
India,20.593684,78.96288,Lower middle income,2008,2.04,69.01,7.26,16.51,993.5,1.23,691150.0,2973190.0,3287260.0
Italy,41.87194,12.56738,High income,2008,2.77,86.84,8.2,18.55,40944.91,8.09,88962.82,295718.0,302069.0
Japan,36.204824,138.252924,High income,2008,15.09,83.22,4.83,8.79,39876.3,9.62,249480.0,364500.0,377940.0
Netherlands,52.132633,5.291266,High income,2008,2.37,92.32,2.91,8.86,57879.94,10.67,3706.84,33760.0,41540.0
New Zealand,-40.900557,174.885971,High income,2008,13.38,66.85,34.4,64.25,31252.96,8.8,98485.84,263310.0,267710.0
Sweden,60.128161,18.643501,High income,2008,45.37,33.11,36.93,54.31,56152.55,5.51,280910.0,407339.7,447420.11
United States,37.09024,-95.712891,High income,2008,10.95,84.97,5.0,9.0,48570.05,19.35,3076832.0,9147420.0,9831510.0
Australia,-25.274398,133.775136,High income,2009,1.12,95.51,3.92,7.5,42810.33,18.81,1297729.0,7682300.0,7741220.0
Brazil,-14.235004,-51.92528,Upper middle income,2009,13.8,51.32,46.31,89.0,8570.02,2.0,5155314.9,8358140.0,8515770.0
Canada,56.130366,-106.346771,High income,2009,18.9,75.07,29.21,62.85,40876.31,16.2,3473701.86,8965590.0,9879750.0
Switzerland,46.818188,8.227512,High income,2009,38.75,53.24,28.93,55.54,71568.31,5.63,12308.66,39513.82,41290.7
China,35.86166,104.195397,Upper middle income,2009,3.47,87.64,6.94,17.86,3832.24,5.89,1982493.97,9388211.0,9562911.0
Germany,51.165691,10.451526,High income,2009,13.85,79.97,8.45,16.08,41650.37,9.7,114035.0,348610.0,357120.0
France,46.227638,2.213749,High income,2009,44.24,50.85,7.71,13.13,41737.76,5.97,163059.0,547557.0,549087.0
United Kingdom,55.378051,-3.435973,High income,2009,10.07,87.37,3.55,6.77,38821.18,7.94,30485.0,241930.0,243610.0
India,20.593684,78.96288,Lower middle income,2009,2.02,71.14,6.47,15.66,1096.63,1.32,693055.0,2973190.0,3287260.0
Italy,41.87194,12.56738,High income,2009,3.52,84.85,10.59,24.02,37226.76,7.13,89621.61,295718.0,302069.0
Japan,36.204824,138.252924,High income,2009,17.06,81.23,5.02,9.15,41309.0,9.08,249570.0,364500.0,377947.0
Netherlands,52.132633,5.291266,High income,2009,2.48,92.89,3.43,9.53,52722.21,10.3,3720.82,33730.0,41540.0
New Zealand,-40.900557,174.885971,High income,2009,14.67,64.13,37.9,71.71,28209.36,8.05,98483.52,263310.0,267710.0
Sweden,60.128161,18.643501,High income,2009,43.01,31.98,39.14,58.42,46946.96,5.08,280820.0,407339.7,447420.11
United States,37.09024,-95.712891,High income,2009,11.56,84.15,5.8,10.29,47194.94,17.77,3082016.0,9147420.0,9831510.0
Australia,-25.274398,133.775136,High income,2010,1.34,94.42,4.31,8.61,52134.31,18.42,1295461.0,7682300.0,7741220.0
Brazil,-14.235004,-51.92528,Upper middle income,2010,12.7,53.49,44.25,84.72,11249.46,2.24,5115807.0,8358140.0,8515770.0
Canada,56.130366,-106.346771,High income,2010,18.56,75.39,27.79,61.4,47562.08,16.37,3473222.1,8965590.0,9879750.0
Switzerland,46.818188,8.227512,High income,2010,39.43,51.55,29.88,56.73,76531.37,5.76,12347.2,39513.22,41290.7
China,35.86166,104.195397,Upper middle income,2010,3.51,88.26,7.62,18.62,4550.45,6.39,2006103.8,9388211.0,9562911.0
Germany,51.165691,10.451526,High income,2010,13.94,79.56,8.79,16.73,41572.46,10.22,114090.0,348570.0,357130.0
France,46.227638,2.213749,High income,2010,44.98,49.84,8.22,13.86,40676.06,6.03,164190.0,547557.0,549087.0
United Kingdom,55.378051,-3.435973,High income,2010,8.83,88.17,3.66,6.81,39693.19,8.16,30590.0,241930.0,243610.0
India,20.593684,78.96288,Lower middle income,2010,2.35,71.4,6.58,16.04,1350.63,1.35,694960.0,2973190.0,3287260.0
Italy,41.87194,12.56738,High income,2010,3.74,84.63,11.43,25.76,36035.64,7.3,90280.4,295718.0,302069.0
Japan,36.204824,138.252924,High income,2010,16.66,80.91,5.68,10.53,44968.16,9.48,249660.0,364500.0,377950.0
Netherlands,52.132633,5.291266,High income,2010,2.23,93.67,3.21,9.39,50999.75,10.97,3734.8,33730.0,41540.0
New Zealand,-40.900557,174.885971,High income,2010,14.54,61.05,38.82,73.18,33676.77,8.01,98481.2,263310.0,267710.0
Sweden,60.128161,18.643501,High income,2010,41.43,34.42,38.35,55.3,52869.04,5.66,280730.0,407339.7,447420.11
United States,37.09024,-95.712891,High income,2010,11.34,84.15,5.84,10.12,48650.64,18.25,3087200.0,9147420.0,9831510.0
Australia,-25.274398,133.775136,High income,2011,1.67,94.42,5.7,10.43,62596.43,18.08,1302557.8,7682300.0,7741220.0
Brazil,-14.235004,-51.92528,Upper middle income,2011,13.49,54.57,43.91,87.12,13200.79,2.33,5100415.2,8358140.0,8515770.0
Canada,56.130366,-106.346771,High income,2011,18.71,74.69,28.63,62.34,52223.7,16.47,3472809.1,8965590.0,9879750.0
Switzerland,46.818188,8.227512,High income,2011,40.28,50.39,28.44,54.09,90476.76,5.18,12381.58,39512.63,41290.7
China,35.86166,104.195397,Upper middle income,2011,3.52,88.9,7.08,16.76,5614.35,7.02,2025471.54,9388211.0,9562911.0
Germany,51.165691,10.451526,High income,2011,12.57,80.37,10.57,20.38,46705.9,9.92,114110.0,348560.0,357140.0
France,46.227638,2.213749,High income,2011,47.72,48.68,7.19,11.57,43846.47,5.64,165024.0,547557.0,549087.0
United Kingdom,55.378051,-3.435973,High income,2011,10.81,85.56,4.89,9.49,42150.7,7.42,30782.0,241930.0,243610.0
India,20.593684,78.96288,Lower middle income,2011,2.7,71.47,7.5,17.32,1449.6,1.4,697624.0,2973190.0,3287260.0
Italy,41.87194,12.56738,High income,2011,4.31,84.46,12.44,27.59,38649.64,7.08,90818.48,295718.0,302069.0
Japan,36.204824,138.252924,High income,2011,7.52,89.77,5.73,11.46,48760.08,9.88,249616.0,364500.0,377955.0
Netherlands,52.132633,5.291266,High income,2011,2.67,92.19,3.81,10.81,54230.31,10.13,3717.5,33720.0,41540.0
New Zealand,-40.900557,174.885971,High income,2011,14.84,59.76,39.53,76.04,38387.63,7.82,98478.18,263310.0,267710.0
Sweden,60.128161,18.643501,High income,2011,43.41,34.21,39.86,55.94,60755.76,5.2,280544.0,407339.7,447420.11
United States,37.09024,-95.712891,High income,2011,11.57,83.71,6.9,12.23,50065.97,17.67,3089950.0,9147420.0,9831510.0
Australia,-25.274398,133.775136,High income,2012,1.72,94.38,5.7,10.59,68044.71,17.89,1309654.6,7682300.0,7741220.0
Brazil,-14.235004,-51.92528,Upper middle income,2012,12.65,56.55,42.07,82.45,12327.32,2.49,5085023.4,8358140.0,8515770.0
Canada,56.130366,-106.346771,High income,2012,19.35,74.44,28.98,63.23,52669.09,16.31,3472396.1,8965590.0,9879750.0
Switzerland,46.818188,8.227512,High income,2012,39.9,50.92,31.85,59.47,85836.21,5.28,12415.96,39512.03,41290.7
China,35.86166,104.195397,Upper middle income,2012,4.09,88.42,8.52,19.97,6300.62,7.16,2044839.28,9388211.0,9562911.0
Germany,51.165691,10.451526,High income,2012,12.28,80.63,11.9,23.0,43855.85,9.97,114130.0,348540.0,357170.0
France,46.227638,2.213749,High income,2012,46.45,49.01,9.14,14.83,40870.85,5.65,165858.0,547557.0,549087.0
United Kingdom,55.378051,-3.435973,High income,2012,10.91,85.14,5.45,11.42,42485.59,7.64,30974.0,241930.0,243610.0
India,20.593684,78.96288,Lower middle income,2012,2.53,72.42,6.73,15.73,1434.02,1.51,700288.0,2973190.0,3287260.0
Italy,41.87194,12.56738,High income,2012,4.9,82.2,14.17,31.02,35051.52,6.72,91356.56,295718.0,302069.0
Japan,36.204824,138.252924,High income,2012,2.65,94.62,5.65,11.19,49145.28,10.21,249572.0,364500.0,377960.0
Netherlands,52.132633,5.291266,High income,2012,2.68,91.23,3.96,12.11,50070.14,9.86,3700.2,33720.0,41540.0
New Zealand,-40.900557,174.885971,High income,2012,13.17,62.24,36.91,71.87,39973.38,8.15,98475.16,263310.0,267710.0
Sweden,60.128161,18.643501,High income,2012,46.0,31.0,43.31,59.07,58037.82,4.89,280358.0,407339.7,447420.11
United States,37.09024,-95.712891,High income,2012,11.45,83.44,6.89,12.01,51784.42,16.88,3092700.0,9147420.0,9831510.0
Australia,-25.274398,133.775136,High income,2013,2.14,93.71,6.53,13.26,68158.58,17.28,1316751.4,7682300.0,7741220.0
Brazil,-14.235004,-51.92528,Upper middle income,2013,11.5,58.02,39.84,76.69,12258.5,2.64,5069631.6,8358140.0,8515770.0
Canada,56.130366,-106.346771,High income,2013,19.91,73.17,28.94,63.3,52635.17,16.24,3471983.1,8965590.0,9879750.0
Switzerland,46.818188,8.227512,High income,2013,38.87,52.11,30.99,59.19,87304.33,5.34,12450.34,39511.43,41290.7
China,35.86166,104.195397,Upper middle income,2013,4.53,88.24,8.96,20.3,7020.34,7.24,2064207.02,9388211.0,9562911.0
Germany,51.165691,10.451526,High income,2013,12.21,81.09,12.06,24.07,46298.92,10.21,114150.0,348880.0,357340.0
France,46.227638,2.213749,High income,2013,46.45,48.54,10.46,17.05,42602.72,5.66,166692.0,547557.0,549087.0
United Kingdom,55.378051,-3.435973,High income,2013,11.43,83.56,6.95,14.99,43449.09,7.43,31166.0,241930.0,243610.0
India,20.593684,78.96288,Lower middle income,2013,2.72,72.29,7.33,17.35,1438.06,1.55,702952.0,2973190.0,3287260.0
Italy,41.87194,12.56738,High income,2013,6.13,79.96,17.61,38.91,35560.08,6.14,91894.64,295718.0,302069.0
Japan,36.204824,138.252924,High income,2013,2.43,94.63,6.13,12.21,40898.65,10.3,249528.0,364500.0,377962.0
Netherlands,52.132633,5.291266,High income,2013,2.52,91.55,3.95,11.98,52198.9,9.77,3682.9,33690.0,41540.0
New Zealand,-40.900557,174.885971,High income,2013,13.43,60.83,36.92,74.26,42976.65,7.92,98472.14,263310.0,267710.0
Sweden,60.128161,18.643501,High income,2013,46.77,30.02,38.95,54.03,61126.94,4.68,280172.0,407339.7,528447.52
United States,37.09024,-95.712891,High income,2013,11.68,82.94,7.13,12.64,53291.13,17.16,3095450.0,9147420.0,9831510.0
Australia,-25.274398,133.775136,High income,2014,2.37,93.39,5.98,14.91,62513.41,16.75,1323848.2,7682300.0,7741220.0
Brazil,-14.235004,-51.92528,Upper middle income,2014,10.81,59.11,38.85,73.08,12071.16,2.74,5054239.8,8358140.0,8515770.0
Canada,56.130366,-106.346771,High income,2014,19.69,73.19,28.15,62.82,50956.0,16.0,3471570.1,8965590.0,9879750.0
Switzerland,46.818188,8.227512,High income,2014,42.42,48.74,32.28,58.02,88724.99,4.79,12484.72,39510.83,41290.7
China,35.86166,104.195397,Upper middle income,2014,5.11,87.67,10.2,22.61,7636.12,7.22,2083574.76,9388211.0,9562911.0
Germany,51.165691,10.451526,High income,2014,12.98,79.71,13.28,26.13,48023.87,9.71,114170.0,348900.0,357380.0
France,46.227638,2.213749,High income,2014,49.59,46.23,10.46,16.46,43068.55,5.14,167526.0,547557.0,549087.0
United Kingdom,55.378051,-3.435973,High income,2014,11.58,82.72,8.88,19.26,47447.59,6.77,31358.0,241930.0,243610.0
India,20.593684,78.96288,Lower middle income,2014,2.67,73.58,7.34,16.25,1559.86,1.64,705616.0,2973190.0,3287260.0
Italy,41.87194,12.56738,High income,2014,7.06,78.59,19.74,43.39,35565.72,5.8,92432.72,295718.0,302069.0
Japan,36.204824,138.252924,High income,2014,2.22,94.41,6.94,14.06,38475.4,9.92,249484.0,364500.0,377962.0
Netherlands,52.132633,5.291266,High income,2014,3.13,90.92,3.98,11.32,52900.54,9.29,3665.6,33690.0,41540.0
New Zealand,-40.900557,174.885971,High income,2014,13.52,59.85,37.54,79.2,44572.9,7.85,98469.12,263310.0,267710.0
Sweden,60.128161,18.643501,High income,2014,47.47,29.77,40.65,55.84,60020.36,4.46,279986.0,407339.7,528447.52
United States,37.09024,-95.712891,High income,2014,11.68,83.09,7.26,12.95,55123.85,17.17,3098200.0,9147420.0,9831510.0
Australia,-25.274398,133.775136,High income,2015,2.15,89.63,6.29,13.64,56710.45,16.85,1330945.0,7682300.0,7741220.0
Brazil,-14.235004,-51.92528,Upper middle income,2015,12.84,56.09,40.6,73.97,8783.23,2.58,5038848.0,8358140.0,8515770.0
Canada,56.130366,-106.346771,High income,2015,19.77,74.09,28.76,63.01,43596.14,15.97,3471157.1,8965590.0,9879750.0
Switzerland,46.818188,8.227512,High income,2015,39.89,50.17,33.16,62.2,83806.45,4.68,12519.1,39510.23,41290.7
China,35.86166,104.195397,Upper middle income,2015,4.42,90.82,10.79,23.93,8016.43,7.08,2102942.5,9388211.0,9562911.0
Germany,51.165691,10.451526,High income,2015,12.86,78.86,14.82,29.23,41103.26,9.72,114190.0,348860.0,357410.0
France,46.227638,2.213749,High income,2015,49.06,46.49,10.15,15.86,36652.92,5.19,168360.0,547557.0,549087.0
United Kingdom,55.378051,-3.435973,High income,2015,13.12,80.35,10.98,24.84,45071.07,6.48,31550.0,241930.0,243610.0
India,20.593684,78.96288,Lower middle income,2015,2.54,74.64,7.18,15.34,1590.17,1.69,708280.0,2973190.0,3287260.0
Italy,41.87194,12.56738,High income,2015,6.33,79.95,17.33,38.68,30242.39,6.01,92970.8,295718.0,302069.0
Japan,36.204824,138.252924,High income,2015,3.09,93.03,8.07,15.98,34960.64,9.61,249440.0,364500.0,377971.0
Netherlands,52.132633,5.291266,High income,2015,3.37,93.46,4.5,12.44,45193.4,9.61,3648.3,33670.0,41540.0
New Zealand,-40.900557,174.885971,High income,2015,13.99,59.75,38.13,80.08,38630.73,7.8,98466.1,263310.0,267710.0
Sweden,60.128161,18.643501,High income,2015,43.24,25.12,46.6,63.26,51545.48,4.41,279800.0,407310.64,528449.29
United States,37.09024,-95.712891,High income,2015,11.87,82.43,7.47,13.23,56762.73,16.56,3100950.0,9147420.0,9831510.0
Australia,-25.274398,133.775136,High income,2016,1.7,93.71,7.19,15.16,49875.57,16.96,1340372.0,7692020.0,7741220.0
Brazil,-14.235004,-51.92528,Upper middle income,2016,12.83,56.18,43.54,88.84,8680.77,2.38,5020821.0,8358140.0,8515770.0
Canada,56.130366,-106.346771,High income,2016,18.39,75.17,29.65,61.68,42315.6,15.44,3470760.4,8965590.0,9879750.0
Switzerland,46.818188,8.227512,High income,2016,40.82,49.65,32.29,59.72,82153.07,4.68,12553.5,39509.63,41290.7
China,35.86166,104.195397,Upper middle income,2016,4.57,91.47,11.53,22.56,8094.36,6.97,2124598.67,9388210.0,9562910.0
Germany,51.165691,10.451526,High income,2016,13.64,78.66,14.61,28.05,42136.12,9.74,114190.0,349360.0,357580.0
France,46.227638,2.213749,High income,2016,48.54,47.37,10.98,17.71,37062.53,5.22,169194.0,547557.0,549087.0
United Kingdom,55.378051,-3.435973,High income,2016,10.71,84.86,11.04,23.77,41146.08,6.08,31590.0,241930.0,243610.0
India,20.593684,78.96288,Lower middle income,2016,2.57,75.43,7.01,16.21,1714.28,1.76,710944.0,2973190.0,3287260.0
Italy,41.87194,12.56738,High income,2016,4.95,81.38,17.01,37.39,30960.73,5.97,93508.9,295718.0,302069.0
Japan,36.204824,138.252924,High income,2016,7.87,89.31,7.98,16.04,39375.47,9.47,249400.0,364500.0,377970.0
Netherlands,52.132633,5.291266,High income,2016,2.81,90.98,4.68,13.61,46039.11,9.62,3657.6,33670.0,41540.0
New Zealand,-40.900557,174.885971,High income,2016,13.35,61.88,38.99,76.19,40058.2,7.32,98467.5,263310.0,267710.0
Sweden,60.128161,18.643501,High income,2016,44.08,30.05,42.08,59.25,51965.16,4.36,279800.0,407310.64,528449.29
United States,37.09024,-95.712891,High income,2016,11.77,83.56,8.29,14.15,57866.74,16.05,3100950.0,9147420.0,9831510.0
Australia,-25.274398,133.775136,High income,2017,1.72,93.7,6.75,14.25,53936.14,16.82,1340174.0,7692020.0,7741220.0
Brazil,-14.235004,-51.92528,Upper middle income,2017,12.83,56.26,43.28,88.18,9896.68,2.38,5000916.0,8358140.0,8515770.0
Canada,56.130366,-106.346771,High income,2017,18.34,75.23,29.67,61.69,45129.43,15.5,3470390.5,8965590.0,9879750.0
Switzerland,46.818188,8.227512,High income,2017,41.03,49.3,32.01,59.41,82254.38,4.52,12587.9,39509.63,41290.7
China,35.86166,104.195397,Upper middle income,2017,4.72,92.12,12.14,23.07,8816.99,7.1,2143394.7,9388210.0,9562910.0
Germany,51.165691,10.451526,High income,2017,13.67,78.34,16.2,31.01,44652.59,9.51,114190.0,349370.0,357580.0
France,46.227638,2.213749,High income,2017,48.85,47.01,10.44,17.09,38781.05,5.25,170028.0,547557.0,549087.0
United Kingdom,55.378051,-3.435973,High income,2017,10.73,84.67,12.95,27.87,40621.33,5.86,31640.0,241930.0,243610.0
India,20.593684,78.96288,Lower middle income,2017,2.6,76.21,7.51,17.73,1957.97,1.79,713608.0,2973190.0,3287260.0
Italy,41.87194,12.56738,High income,2017,5.07,80.83,16.15,35.76,32406.72,5.89,94047.0,295718.0,302069.0
Japan,36.204824,138.252924,High income,2017,7.42,89.69,8.63,17.48,38834.05,9.37,249350.0,364500.0,377970.0
Netherlands,52.132633,5.291266,High income,2017,2.87,90.74,5.49,15.87,48675.22,9.43,3667.0,33670.0,41540.0
New Zealand,-40.900557,174.885971,High income,2017,13.29,61.52,37.08,72.03,42925.0,7.52,98508.5,263310.0,267710.0
Sweden,60.128161,18.643501,High income,2017,43.93,29.74,43.34,60.65,53791.51,4.22,279800.0,407310.64,528449.29
United States,37.09024,-95.712891,High income,2017,11.86,83.43,9.08,15.14,59907.75,15.8,3097950.0,9147420.0,9831510.0
Australia,-25.274398,133.775136,High income,2018,1.74,93.68,8.3,17.48,57207.87,16.63,1340051.0,7692020.0,7741220.0
Brazil,-14.235004,-51.92528,Upper middle income,2018,12.82,56.35,46.08,95.33,9121.08,2.27,4990514.0,8358140.0,8515770.0
Canada,56.130366,-106.346771,High income,2018,18.29,75.28,28.81,61.1,46548.64,15.58,3470020.7,8965590.0,9879750.0
Switzerland,46.818188,8.227512,High income,2018,41.25,48.94,31.95,59.34,85217.37,4.33,12622.3,39509.63,41290.7
China,35.86166,104.195397,Upper middle income,2018,4.87,92.77,12.81,23.64,9905.34,7.31,2162190.4,9388210.0,9562910.0
Germany,51.165691,10.451526,High income,2018,13.7,78.01,17.08,32.67,47939.28,9.11,114190.0,349380.0,357580.0
France,46.227638,2.213749,High income,2018,49.16,46.64,12.13,19.06,41557.85,5.01,170862.0,547557.0,549087.0
United Kingdom,55.378051,-3.435973,High income,2018,10.75,84.48,14.53,31.26,43306.31,5.72,31730.0,241930.0,243610.0
India,20.593684,78.96288,Lower middle income,2018,2.64,76.99,7.91,18.96,1974.38,1.89,716272.0,2973190.0,3287260.0
Italy,41.87194,12.56738,High income,2018,5.19,80.28,17.73,38.74,34622.17,5.84,94585.1,295718.0,302069.0
Japan,36.204824,138.252924,High income,2018,6.98,90.07,9.32,18.98,39727.12,9.04,249350.0,364500.0,377974.0
Netherlands,52.132633,5.291266,High income,2018,2.92,90.5,5.99,17.26,53044.53,9.15,3676.3,33670.0,41540.0
New Zealand,-40.900557,174.885971,High income,2018,13.22,61.15,38.16,74.39,43250.44,7.38,98551.5,263310.0,267710.0
Sweden,60.128161,18.643501,High income,2018,43.78,29.44,42.22,59.4,54589.06,4.14,279800.0,407310.64,528449.29
United States,37.09024,-95.712891,High income,2018,11.95,83.31,8.96,14.99,62823.31,16.19,3097950.0,9147420.0,9831510.0
Australia,-25.274398,133.775136,High income,2019,1.76,93.66,8.88,18.69,54941.43,16.4,1340051.0,7692020.0,7741220.0
Brazil,-14.235004,-51.92528,Upper middle income,2019,12.82,56.43,47.3,98.46,8845.26,2.24,4977985.0,8358140.0,8515770.0
Canada,56.130366,-106.346771,High income,2019,18.24,75.34,28.59,60.94,46328.67,15.42,3469650.8,8965590.0,9879750.0
Switzerland,46.818188,8.227512,High income,2019,41.46,48.58,33.14,60.71,84121.93,4.28,12656.7,39509.63,41290.7
China,35.86166,104.195397,Upper middle income,2019,5.02,93.41,13.52,24.24,10143.84,7.54,2180986.1,9388210.0,9562910.0
Germany,51.165691,10.451526,High income,2019,13.73,77.69,18.77,35.8,46793.69,8.51,114190.0,349390.0,357580.0
France,46.227638,2.213749,High income,2019,49.47,46.28,12.38,19.35,40494.9,4.9,171696.0,547557.0,549087.0
United Kingdom,55.378051,-3.435973,High income,2019,10.77,84.29,16.24,34.94,42747.08,5.46,31820.0,241930.0,243610.0
India,20.593684,78.96288,Lower middle income,2019,2.67,77.77,8.85,21.81,2047.23,1.89,718936.0,2973190.0,3287260.0
Italy,41.87194,12.56738,High income,2019,5.31,79.73,17.94,39.15,33673.75,5.7,95123.2,295717.0,302068.0
Japan,36.204824,138.252924,High income,2019,6.53,90.45,9.57,19.51,40458.0,8.78,249350.0,364500.0,377974.0
Netherlands,52.132633,5.291266,High income,2019,2.98,90.26,7.3,20.9,52476.27,8.78,3685.7,33670.0,41540.0
New Zealand,-40.900557,174.885971,High income,2019,13.16,60.79,36.76,71.34,42865.23,7.44,98655.2,263310.0,267710.0
Sweden,60.128161,18.643501,High income,2019,43.63,29.13,43.81,61.18,51939.43,3.99,279800.0,407283.59,528861.06
United States,37.09024,-95.712891,High income,2019,12.05,83.19,9.32,15.43,65120.39,15.74,3097950.0,9147420.0,9831510.0
Australia,-25.274398,133.775136,High income,2020,1.79,93.65,10.79,22.67,51720.37,15.45,1340051.0,7692020.0,7741220.0
Brazil,-14.235004,-51.92528,Upper middle income,2020,12.81,56.52,49.47,104.0,6794.49,2.08,4966196.0,8358140.0,8515770.0
Canada,56.130366,-106.346771,High income,2020,18.19,75.4,30.54,62.29,43258.26,13.8,3469281.0,8965590.0,9879750.0
Switzerland,46.818188,8.227512,High income,2020,41.67,48.23,36.21,64.26,85656.32,3.96,12691.1,39509.63,41290.7
China,35.86166,104.195397,Upper middle income,2020,5.16,94.06,14.24,24.86,10408.67,7.66,2199781.8,9388210.0,9562910.0
Germany,51.165691,10.451526,High income,2020,13.77,77.37,21.12,40.18,46772.83,7.77,114190.0,349390.0,357590.0
France,46.227638,2.213749,High income,2020,49.77,45.92,14.79,22.14,39055.28,4.37,172530.0,547557.0,549086.87
United Kingdom,55.378051,-3.435973,High income,2020,10.8,84.1,20.08,43.18,40318.56,4.87,31900.0,241930.0,243610.0
India,20.593684,78.96288,Lower middle income,2020,2.7,78.56,9.73,24.5,1910.42,1.73,721600.0,2973190.0,3287260.0
Italy,41.87194,12.56738,High income,2020,5.44,79.18,19.72,42.52,31911.04,5.1,95661.3,295717.0,302068.0
Japan,36.204824,138.252924,High income,2020,6.09,90.83,11.16,22.98,39918.17,8.3,249350.0,364500.0,377974.0
Netherlands,52.132633,5.291266,High income,2020,3.04,90.02,10.76,30.48,52162.57,7.84,3695.0,33670.0,41540.0
New Zealand,-40.900557,174.885971,High income,2020,13.1,60.42,39.06,76.35,41596.51,6.76,98925.9,263310.0,267710.0
Sweden,60.128161,18.643501,High income,2020,43.48,28.82,51.06,69.27,52837.9,3.54,279800.0,407283.53,528860.7
United States,37.09024,-95.712891,High income,2020,12.14,83.06,10.53,16.94,63530.63,14.03,3097950.0,9147420.0,9831510.0
Australia,-25.274398,133.775136,High income,2021,1.81,93.63,12.93,27.14,60443.11,14.91,1340051.0,7692020.0,7741220.0
Brazil,-14.235004,-51.92528,Upper middle income,2021,12.8,56.61,46.22,95.69,7507.16,2.32,4953913.67,8358140.0,8515770.0
Canada,56.130366,-106.346771,High income,2021,18.13,75.45,29.89,61.84,51987.94,14.08,3468911.13,8788700.0,15634410.0
Switzerland,46.818188,8.227512,High income,2021,41.88,47.87,36.72,64.85,91991.6,4.12,12725.5,39509.63,41290.7
China,35.86166,104.195397,Upper middle income,2021,5.31,94.71,14.95,25.46,12556.33,7.95,2218577.5,9388210.0,9562910.0
Germany,51.165691,10.451526,High income,2021,13.8,77.04,19.45,37.07,51203.55,8.14,114190.0,349390.0,357590.0
France,46.227638,2.213749,High income,2021,50.08,45.55,13.67,20.84,43658.98,4.75,173364.0,547557.0,549086.87
United Kingdom,55.378051,-3.435973,High income,2021,10.82,83.91,17.95,38.6,46510.28,5.16,31986.67,241930.0,243610.0
India,20.593684,78.96288,Lower middle income,2021,2.73,79.34,9.31,23.22,2256.59,1.9,724264.0,2973190.0,3287260.0
Italy,41.87194,12.56738,High income,2021,5.56,78.62,18.36,39.94,35657.5,5.69,96199.4,295717.0,302068.0
Japan,36.204824,138.252924,High income,2021,5.64,91.21,11.43,23.58,39312.66,8.52,249350.0,364500.0,377974.0
Netherlands,52.132633,5.291266,High income,2021,3.09,89.79,12.37,34.96,57767.88,7.99,3704.37,33670.0,41540.0
New Zealand,-40.900557,174.885971,High income,2021,13.04,60.06,40.22,78.87,48781.03,6.69,99085.27,263310.0,267710.0
Sweden,60.128161,18.643501,High income,2021,43.33,28.51,50.92,69.12,61028.74,3.68,279800.0,407283.54,528860.72
United States,37.09024,-95.712891,High income,2021,12.23,82.94,10.66,17.09,70248.63,14.93,3097950.0,9147420.0,9831510.0
Australia,-25.274398,133.775136,High income,2022,1.83,93.61,8.14,17.15,66901.86,14.99,1322450.45,7692020.0,7741220.0
Brazil,-14.235004,-51.92528,Upper middle income,2022,12.8,56.69,43.87,89.7,11206.05,2.25,4813041.49,8358140.0,8515770.0
Canada,56.130366,-106.346771,High income,2022,18.08,75.51,28.55,60.91,55287.27,14.25,3468034.8,8788700.0,15634410.0
Switzerland,46.818188,8.227512,High income,2022,42.09,47.52,33.1,60.66,95885.98,4.05,12791.04,39509.63,41290.7
China,35.86166,104.195397,Upper middle income,2022,5.46,95.36,12.62,23.49,10276.65,7.99,2251426.88,9388210.0,9562910.0
Germany,51.165691,10.451526,High income,2022,13.83,76.72,18.39,35.1,51169.52,7.98,114457.12,349390.0,357590.0
France,46.227638,2.213749,High income,2022,50.39,45.19,11.63,18.47,46192.15,4.6,175026.33,547557.0,549086.87
United Kingdom,55.378051,-3.435973,High income,2022,10.84,83.72,13.88,29.87,50536.63,4.72,32320.63,241930.0,243610.0
India,20.593684,78.96288,Lower middle income,2022,2.77,80.12,7.65,18.16,2090.72,2.0,727336.06,2973190.0,3287260.0
Italy,41.87194,12.56738,High income,2022,5.68,78.07,18.35,39.92,38793.5,5.73,97645.17,295717.0,302068.0
Japan,36.204824,138.252924,High income,2022,5.2,91.59,8.74,17.72,41919.75,8.5,249464.31,364500.0,377974.0
Netherlands,52.132633,5.291266,High income,2022,3.15,89.55,7.5,21.45,60191.27,7.14,3750.88,33670.0,41540.0
New Zealand,-40.900557,174.885971,High income,2022,12.98,59.69,36.98,71.81,48688.82,6.21,99794.94,263310.0,267710.0
Sweden,60.128161,18.643501,High income,2022,43.17,28.2,46.19,63.83,63049.57,3.61,279898.12,407283.54,528860.72
United States,37.09024,-95.712891,High income,2022,12.32,82.81,8.94,14.96,67514.7,14.95,3114239.01,9147420.0,9831510.0
